database,sequence_database_number,sequence_info,sequence_length,sensitivity,ppv,f1,execution_wall_time_secs
SPR,491,tdbR00000012,76,0.7,0.5833333333333334,0.6363636363636365,0.05770034899978782
SPR,326,tdbR00000286,77,0.7,0.5,0.5833333333333334,0.057882719000190264
SPR,477,tdbR00000461,71,0.8947368421052632,0.85,0.8717948717948718,0.048885506999795325
SPR,358,tdbR00000353,77,0.7619047619047619,0.6153846153846154,0.6808510638297872,0.05786081600035686
SPR,549,tdbR00000319,77,0.9523809523809523,0.8333333333333334,0.888888888888889,0.05846896999992168
SPR,319,tdbR00000146,76,0.5714285714285714,0.42857142857142855,0.48979591836734687,0.056254277000334696
SPR,496,tdbR00000362,76,1.0,1.0,1.0,0.055657298999904015
SRP,543,Myco.pene._BA000026,77,0.76,0.6129032258064516,0.6785714285714285,0.05463292399963393
SPR,124,tdbR00000060,75,0.5714285714285714,0.46153846153846156,0.5106382978723405,0.05727199400007521
SRP,703,Rhod.spha._CP000577,42,0.0,0.0,0,0.04165820599973813
SPR,398,tdbR00000615,77,1.0,0.84,0.9130434782608696,0.05806324599961954
SRP,414,Lact.sali._CP000233,31,1.0,1.0,1.0,0.039517714999419695
SRP,481,Magn.magn._AP007255,58,0.0,0.0,0,0.04775862699989375
SPR,320,tdbR00000172,77,0.65,0.5416666666666666,0.5909090909090908,0.056533586000114155
SPR,61,tdbR00000453,76,0.5714285714285714,0.48,0.5217391304347826,0.059332885000003444
SPR,34,tdbR00000029,73,0.0,0.0,0,0.05353777100026491
SPR,577,tdbR00000482,75,0.3333333333333333,0.35,0.3414634146341463,0.05849961900003109
SPR,506,tdbR00000145,76,0.7142857142857143,0.6521739130434783,0.6818181818181819,0.057860272999278095
SPR,221,tdbR00000446,78,0.85,0.7391304347826086,0.7906976744186046,0.06027794900001027
SRP,306,Ferv.nodo._CP000771,35,0.5714285714285714,0.4,0.47058823529411764,0.040843296999810264
SRP,525,Myco.bovi._BX248347,59,0.14285714285714285,0.045454545454545456,0.06896551724137931,0.04784626499986189
SPR,313,tdbR00000400,71,0.75,0.3870967741935484,0.5106382978723403,0.052308723000351165
SPR,163,tdbR00000333,75,1.0,1.0,1.0,0.05553696300012234
SPR,492,tdbR00000370,75,0.47619047619047616,0.35714285714285715,0.40816326530612246,0.05810651299998426
SPR,264,tdbR00000432,75,1.0,0.84,0.9130434782608696,0.05545165300009103
SPR,448,tdbR00000072,76,0.9523809523809523,1.0,0.975609756097561,0.05501877999995486
SRP,544,Myco.pneu._AE000044,77,0.9545454545454546,0.7777777777777778,0.8571428571428572,0.056071007000355166
SPR,482,tdbR00000244,75,0.95,0.8260869565217391,0.8837209302325583,0.0524033439996856
SPR,374,tdbR00000177,76,0.55,0.44,0.48888888888888893,0.056025980000413256
SPR,76,tdbR00000374,76,0.3333333333333333,0.28,0.30434782608695654,0.05943306700009998
SPR,523,tdbR00000323,75,0.6,0.5,0.5454545454545454,0.05928668700016715
SPR,424,tdbR00000532,75,0.6666666666666666,0.5384615384615384,0.5957446808510638,0.053450618000169925
SPR,535,tdbR00000490,74,0.9523809523809523,0.8333333333333334,0.888888888888889,0.05833081300079357
SPR,44,tdbR00000354,76,1.0,1.0,1.0,0.05888355200022488
SPR,46,tdbR00000156,77,0.9523809523809523,1.0,0.975609756097561,0.06636514099955093
SPR,451,tdbR00000486,77,0.8095238095238095,0.8095238095238095,0.8095238095238095,0.05641851499967743
SPR,421,tdbR00000496,75,0.9523809523809523,1.0,0.975609756097561,0.05849708200003079
SPR,603,tdbR00000509,77,1.0,1.0,1.0,0.05590837499948975
SPR,389,tdbR00000505,76,1.0,1.0,1.0,0.056550436000179616
SPR,118,tdbR00000122,75,0.9523809523809523,0.7692307692307693,0.8510638297872339,0.06846447099997022
SPR,145,tdbR00000429,76,0.9523809523809523,1.0,0.975609756097561,0.06086615399999573
SPR,353,tdbR00000475,76,0.85,0.7083333333333334,0.7727272727272727,0.05629519500052993
SPR,227,tdbR00000127,65,0.6,0.5217391304347826,0.5581395348837209,0.05193304399927001
SRP,793,Stre.agal._AL766845,77,0.9130434782608695,0.8076923076923077,0.8571428571428572,0.05818418299986661
SPR,171,tdbR00000158,77,0.42857142857142855,0.32142857142857145,0.3673469387755102,0.058312780000051134
SPR,420,tdbR00000485,77,0.8095238095238095,0.8095238095238095,0.8095238095238095,0.05705714400028228
SPR,619,tdbR00000041,75,0.5714285714285714,0.5714285714285714,0.5714285714285714,0.05731009200007975
SPR,288,tdbR00000103,76,0.6190476190476191,0.4482758620689655,0.52,0.05534300500039535
SPR,318,tdbR00000132,74,0.6,0.41379310344827586,0.4897959183673469,0.05522082599964051
SPR,587,tdbR00000069,76,1.0,1.0,1.0,0.05415506300050765
SPR,170,tdbR00000140,77,0.9523809523809523,0.9523809523809523,0.9523809523809523,0.06012432500028808
SPR,505,tdbR00000144,76,1.0,1.0,1.0,0.05855474400050298
SRP,341,Haem.infl._L42023,32,0.8571428571428571,0.6666666666666666,0.75,0.04076808300033008
SPR,431,tdbR00000148,76,0.5714285714285714,0.5,0.5333333333333333,0.057331391999468906
SPR,239,tdbR00000043,78,0.8095238095238095,0.68,0.7391304347826089,0.05666250600006606
SPR,396,tdbR00000614,78,0.9523809523809523,0.8695652173913043,0.909090909090909,0.05975408699941909
SRP,652,Prun.arme._CB819242,67,0.75,0.18181818181818182,0.2926829268292683,0.050609664999683446
SRP,253,Dein.geot._CP000359,32,0.8571428571428571,0.6666666666666666,0.75,0.03978212699985306
SRP,548,Myco.pulm._U06833,77,0.9565217391304348,0.8148148148148148,0.8800000000000001,0.05474284800038731
SPR,595,tdbR00000523,75,1.0,1.0,1.0,0.05285068600005616
SPR,297,tdbR00000056,76,1.0,1.0,1.0,0.05706260000079055
SPR,67,tdbR00000093,76,0.6190476190476191,0.4482758620689655,0.52,0.0559714860000895
SPR,616,tdbR00000495,76,0.5714285714285714,0.46153846153846156,0.5106382978723405,0.05816353899990645
SPR,74,tdbR00000097,76,0.6190476190476191,0.4482758620689655,0.52,0.0556039499997496
SPR,509,tdbR00000518,76,0.9,0.9,0.9,0.0621221860001242
SPR,138,tdbR00000347,75,0.4,0.2962962962962963,0.3404255319148936,0.055915249999998196
SPR,412,tdbR00000335,75,0.8947368421052632,0.8095238095238095,0.8500000000000001,0.05871427399961249
SPR,31,tdbR00000593,60,0.6666666666666666,0.37037037037037035,0.47619047619047616,0.04693474600026093
SPR,447,tdbR00000281,76,0.5238095238095238,0.4230769230769231,0.4680851063829788,0.05539541600046505
SPR,302,tdbR00000577,72,0.35,0.2692307692307692,0.3043478260869565,0.0523142869997173
SPR,495,tdbR00000369,76,0.15,0.12,0.1333333333333333,0.056810297000083665
SRP,188,Chlo.vulg._AB001684,67,0.9473684210526315,1.0,0.972972972972973,0.050861955999607744
SPR,345,tdbR00000377,76,0.5,0.38461538461538464,0.4347826086956522,0.05481137599963404
SPR,65,tdbR00000133,74,0.9090909090909091,0.7407407407407407,0.8163265306122449,0.0589101790001223
SPR,467,tdbR00000341,75,0.9523809523809523,1.0,0.975609756097561,0.05721546499989927
SPR,69,tdbR00000080,70,1.0,1.0,1.0,0.04763841799922375
SPR,387,tdbR00000112,74,0.9047619047619048,0.9047619047619048,0.9047619047619048,0.0548421130006318
SPR,317,tdbR00000058,76,1.0,1.0,1.0,0.05468191899944941
SPR,484,tdbR00000079,71,1.0,0.9047619047619048,0.9500000000000001,0.049627357999270316
SPR,244,tdbR00000138,77,0.9523809523809523,0.6060606060606061,0.7407407407407407,0.06040360899987718
SRP,819,Stre.sang._CP000387,73,0.7727272727272727,0.6296296296296297,0.6938775510204083,0.05281873999956588
SPR,333,tdbR00000034,71,0.9523809523809523,0.8333333333333334,0.888888888888889,0.05203630400046677
SRP,411,Lact.lact._AM406671,36,0.0,0.0,0,0.04035469500013278
SPR,266,tdbR00000541,77,1.0,0.8461538461538461,0.9166666666666666,0.05614093599979242
SPR,94,tdbR00000445,76,0.85,0.85,0.85,0.056430863999594294
SPR,285,tdbR00000135,74,0.9523809523809523,0.8,0.8695652173913043,0.05718299299951468
SPR,136,tdbR00000472,76,0.95,0.7916666666666666,0.8636363636363635,0.05574230099955457
SPR,539,tdbR00000466,77,0.7,0.5384615384615384,0.608695652173913,0.0563533490003465
SRP,231,Coxi.burn._AE016828,64,0.0,0.0,0,0.04799561299932975
SPR,471,tdbR00000195,76,0.7619047619047619,0.64,0.6956521739130435,0.0581280610003887
SPR,195,tdbR00000454,77,0.47619047619047616,0.37037037037037035,0.4166666666666667,0.058700472000055015
SPR,479,tdbR00000032,72,0.9523809523809523,0.8333333333333334,0.888888888888889,0.05204642300031992
SRP,233,Crit.fasc._AY781797,58,0,0.0,0,0.05082125900025858
SRP,124,Bruc.abor._AE017223,33,0.5714285714285714,0.4,0.47058823529411764,0.04005319400039298
SPR,405,tdbR00000440,74,0.35,0.28,0.3111111111111111,0.05739212699972995
SRP,140,Burk.mall._CP000546,79,0.045454545454545456,0.047619047619047616,0.046511627906976744,0.05875454200031527
SPR,36,tdbR00000184,76,0.6,0.8,0.6857142857142857,0.05292042400014907
SPR,148,tdbR00000328,78,0.5238095238095238,0.39285714285714285,0.4489795918367347,0.05849508400024206
SPR,257,tdbR00000312,74,0.9523809523809523,0.6896551724137931,0.7999999999999999,0.057846056999551365
SPR,212,tdbR00000001,75,0.9523809523809523,0.7142857142857143,0.8163265306122449,0.05411473599997407
SPR,175,tdbR00000511,77,1.0,1.0,1.0,0.05671461600013572
SPR,50,tdbR00000180,76,0.9523809523809523,1.0,0.975609756097561,0.05642267599978368
SPR,70,tdbR00000403,72,0.9523809523809523,0.8695652173913043,0.909090909090909,0.05528716500066366
SPR,147,tdbR00000022,77,0.47619047619047616,0.3333333333333333,0.39215686274509803,0.05749824200029252
SPR,23,tdbR00000363,54,1.0,0.5652173913043478,0.7222222222222222,0.04590697099956742
SRP,702,Rhod.spha._CP000143,41,0.7,1.0,0.8235294117647058,0.040047629000582674
SPR,563,tdbR00000165,77,0.47619047619047616,0.38461538461538464,0.42553191489361697,0.05789677000029769
SPR,601,tdbR00000157,77,0.5238095238095238,0.4074074074074074,0.4583333333333333,0.05527284599975246
SPR,521,tdbR00000084,76,0.6666666666666666,0.4666666666666667,0.5490196078431373,0.05640132000007725
SPR,463,tdbR00000469,77,0.85,0.7083333333333334,0.7727272727272727,0.057257673000094655
SPR,129,tdbR00000095,76,0.6190476190476191,0.4482758620689655,0.52,0.05374737500005722
SPR,213,tdbR00000348,76,1.0,0.6363636363636364,0.7777777777777778,0.057006777000424336
SRP,53,Baci.amyl._CP000560,30,1.0,1.0,1.0,0.039624891999665124
SPR,406,tdbR00000489,74,0.6,0.5217391304347826,0.5581395348837209,0.05561071600004652
SPR,340,tdbR00000308,75,0.6190476190476191,0.5416666666666666,0.5777777777777778,0.06212158300058945
SRP,653,Prun.arme._CV045835,67,0.75,0.18181818181818182,0.2926829268292683,0.049422971999774745
SPR,146,tdbR00000290,77,0.8,0.5161290322580645,0.6274509803921569,0.0589137840006515
SRP,805,Stre.pneu._CP000410,77,0.9523809523809523,0.8,0.8695652173913043,0.057261951000327826
SPR,73,tdbR00000096,76,0.6190476190476191,0.4482758620689655,0.52,0.0568876060006005
SPR,410,tdbR00000622,75,0.631578947368421,0.4444444444444444,0.5217391304347826,0.05617246600013459
SPR,578,tdbR00000481,76,1.0,1.0,1.0,0.05915396199998213
SPR,273,tdbR00000346,75,0.9523809523809523,1.0,0.975609756097561,0.057438169000306516
SPR,500,tdbR00000054,75,1.0,1.0,1.0,0.05454096999983449
SPR,490,tdbR00000068,76,1.0,1.0,1.0,0.057056408999415
SRP,456,List.wels._AM263198,30,1.0,1.0,1.0,0.03984014400066371
SPR,533,tdbR00000444,76,0.95,1.0,0.9743589743589743,0.0557219009997425
SPR,584,tdbR00000513,77,1.0,1.0,1.0,0.05466136899940466
SPR,42,tdbR00000297,75,1.0,1.0,1.0,0.056164329999774054
SPR,532,tdbR00000443,76,0.95,1.0,0.9743589743589743,0.05525698900055431
SPR,159,tdbR00000295,76,0.6190476190476191,0.5652173913043478,0.5909090909090909,0.057533551000233274
SRP,640,Proc.mari._AE017126,51,0.25,0.23076923076923078,0.24000000000000002,0.043526544999622274
SPR,552,tdbR00000278,77,0.9523809523809523,1.0,0.975609756097561,0.05625423400033469
SPR,254,tdbR00000175,77,0.7727272727272727,0.7083333333333334,0.7391304347826088,0.059792127000037
SPR,216,tdbR00000105,74,0.8571428571428571,0.8571428571428571,0.8571428571428571,0.05856120499993267
SPR,82,tdbR00000053,72,0.9545454545454546,1.0,0.9767441860465117,0.05546500299988111
SPR,268,tdbR00000450,78,0.8,0.6666666666666666,0.7272727272727272,0.05634290499983763
SPR,68,tdbR00000094,76,0.6190476190476191,0.4482758620689655,0.52,0.056678158000067924
SPR,155,tdbR00000355,76,1.0,1.0,1.0,0.05626659500012465
SPR,156,tdbR00000356,77,1.0,1.0,1.0,0.054754107000007934
SPR,556,tdbR00000055,75,0.7727272727272727,0.6538461538461539,0.7083333333333333,0.05796265000026324
SPR,25,tdbR00000590,62,0.6666666666666666,0.3448275862068966,0.4545454545454545,0.05114842500006489
SPR,469,tdbR00000243,74,0.95,0.8260869565217391,0.8837209302325583,0.053240819000166084
SPR,516,tdbR00000192,76,0.2857142857142857,0.24,0.2608695652173913,0.056640900999809674
SRP,822,Stre.ther._CP000024,77,0.9130434782608695,0.875,0.8936170212765957,0.05815436100056104
SPR,352,tdbR00000288,76,1.0,1.0,1.0,0.05650300799970864
SPR,620,tdbR00000535,75,0.6666666666666666,0.5384615384615384,0.5957446808510638,0.050993861999813817
SPR,169,tdbR00000119,75,0.95,1.0,0.9743589743589743,0.055839059999925666
SPR,397,tdbR00000616,78,0.47619047619047616,0.3125,0.37735849056603776,0.061812847000510374
SPR,51,tdbR00000274,76,0.47619047619047616,0.38461538461538464,0.42553191489361697,0.059888975999456306
SPR,199,tdbR00000086,76,0.6666666666666666,0.4666666666666667,0.5490196078431373,0.05716816699987248
SPR,296,tdbR00000050,76,0.9523809523809523,1.0,0.975609756097561,0.05763397900045675
SPR,559,tdbR00000556,77,0.85,0.5862068965517241,0.6938775510204082,0.05860952099919814
SPR,27,tdbR00000591,65,0.5,0.32142857142857145,0.391304347826087,0.05143566300012026
SRP,718,Sacc.eryt._AM420293,53,0.125,0.047619047619047616,0.06896551724137931,0.0444628900004318
SPR,81,tdbR00000342,75,0.9523809523809523,1.0,0.975609756097561,0.05508600099983596
SPR,347,tdbR00000343,75,0.9523809523809523,1.0,0.975609756097561,0.054098116000204755
SPR,456,tdbR00000528,75,1.0,1.0,1.0,0.053745272000014666
SPR,598,tdbR00000503,77,0.9047619047619048,0.95,0.9268292682926829,0.05596742699981405
SPR,376,tdbR00000064,76,0.5714285714285714,0.48,0.5217391304347826,0.055382330000611546
SPR,232,tdbR00000350,76,0.6190476190476191,0.4482758620689655,0.52,0.05749624100008077
SPR,432,tdbR00000539,75,0.6666666666666666,0.5384615384615384,0.5957446808510638,0.0535139009998602
SPR,64,tdbR00000134,75,0.5909090909090909,0.5652173913043478,0.5777777777777778,0.055962212999475014
SPR,292,tdbR00000027,77,0.5714285714285714,0.41379310344827586,0.48000000000000004,0.05787769800008391
SRP,234,Crit.luci._AY781798,58,0,0.0,0,0.050976587000150175
SPR,53,tdbR00000316,77,0.5714285714285714,0.4,0.47058823529411764,0.060543362999851524
SPR,119,tdbR00000182,75,1.0,1.0,1.0,0.05414763499993569
SPR,568,tdbR00000516,77,0.3,0.21428571428571427,0.25,0.05718682699989586
SPR,294,tdbR00000334,75,0.9523809523809523,1.0,0.975609756097561,0.059000217000175326
SRP,850,Ther.mela._CP000716,38,0.4444444444444444,0.4,0.4210526315789474,0.04119431399976747
SRP,754,Shig.flex._AE005674,74,0.09090909090909091,0.02702702702702703,0.04166666666666667,0.0568525700000464
SPR,289,tdbR00000566,76,0.6666666666666666,0.56,0.6086956521739131,0.05719721099922026
SPR,52,tdbR00000065,76,1.0,1.0,1.0,0.06096991699996579
SRP,325,Geob.uran._CP000698,33,1.0,1.0,1.0,0.04044991899991146
SPR,196,tdbR00000455,77,0.7619047619047619,0.64,0.6956521739130435,0.059253057000205445
SPR,11,tdbR00000589,78,0.7619047619047619,0.7272727272727273,0.7441860465116279,0.057573113000216836
SRP,820,Stre.suis._CP000407,78,0.9047619047619048,0.7307692307692307,0.8085106382978723,0.05812005000007048
SPR,114,tdbR00000049,76,0.9,0.782608695652174,0.8372093023255814,0.054388348999964364
SPR,21,tdbR00000582,75,0.8095238095238095,0.68,0.7391304347826089,0.058688936999715224
SPR,617,tdbR00000558,76,0.9523809523809523,1.0,0.975609756097561,0.05875418699997681
SPR,154,tdbR00000359,77,0.4,0.3076923076923077,0.34782608695652173,0.05778168399956485
SPR,520,tdbR00000083,76,0.9523809523809523,1.0,0.975609756097561,0.056490442000722396
SRP,808,Stre.pyog._AE009969,78,0.9130434782608695,0.875,0.8936170212765957,0.06262906200026919
SPR,425,tdbR00000200,76,0.6666666666666666,0.5185185185185185,0.5833333333333334,0.055757789999915985
SPR,472,tdbR00000196,76,0.5238095238095238,0.6470588235294118,0.5789473684210527,0.058155369999440154
SPR,29,tdbR00000078,62,0.26666666666666666,0.25,0.2580645161290323,0.05090824099988822
SPR,364,tdbR00000044,76,0.35,0.3181818181818182,0.3333333333333333,0.05526347300019552
SPR,478,tdbR00000366,72,0.6363636363636364,0.6086956521739131,0.6222222222222223,0.05297891299960611
SRP,333,Gynu.aura._SDB-109565,66,0.25,0.15789473684210525,0.1935483870967742,0.049716019000698
SPR,454,tdbR00000013,76,0.95,0.95,0.9500000000000001,0.058867235999969125
SPR,231,tdbR00000349,76,0.9523809523809523,0.8333333333333334,0.888888888888889,0.057086161999905016
SPR,561,tdbR00000612,76,0.9523809523809523,0.8695652173913043,0.909090909090909,0.05683524500000203
SPR,77,tdbR00000375,76,0.5714285714285714,0.46153846153846156,0.5106382978723405,0.05751719399995636
SPR,10,tdbR00000460,75,0.5,0.30303030303030304,0.37735849056603776,0.05710087200077396
SPR,346,tdbR00000378,76,0.65,0.5652173913043478,0.6046511627906976,0.05604318600035185
SPR,408,tdbR00000459,76,0.95,1.0,0.9743589743589743,0.056545169999481004
SPR,613,tdbR00000194,76,0.47619047619047616,0.37037037037037035,0.4166666666666667,0.06061791299998731
SPR,571,tdbR00000073,76,0.5714285714285714,0.48,0.5217391304347826,0.05858499300029507
SPR,150,tdbR00000310,77,0.7619047619047619,0.5925925925925926,0.6666666666666666,0.06227186900014203
SRP,815,Stre.pyog._CP000259,73,0.9,0.75,0.8181818181818182,0.058974147999833804
SPR,233,tdbR00000351,78,0.5454545454545454,0.46153846153846156,0.4999999999999999,0.06089734699980909
SPR,536,tdbR00000494,75,0.6818181818181818,0.6521739130434783,0.6666666666666666,0.05693983200035291
SPR,392,tdbR00000435,76,0.9523809523809523,1.0,0.975609756097561,0.055706432000079076
SPR,418,tdbR00000561,76,0.9523809523809523,1.0,0.975609756097561,0.05791936199966585
SPR,203,tdbR00000427,78,0.9523809523809523,0.7407407407407407,0.8333333333333334,0.05945019899991166
SPR,395,tdbR00000613,78,0.5714285714285714,0.3870967741935484,0.4615384615384615,0.05878655800006527
SRP,761,Sino.meli._AL591782,33,0.5714285714285714,0.4,0.47058823529411764,0.04068602400002419
SPR,579,tdbR00000114,75,1.0,0.9090909090909091,0.9523809523809523,0.05442116599988367
SRP,760,Sino.medi._CP000738,33,1.0,1.0,1.0,0.03875850499935041
SRP,82,Baci.subt._X06803,53,0.8571428571428571,1.0,0.923076923076923,0.04349220099993545
SPR,62,tdbR00000014,76,0.5714285714285714,0.5217391304347826,0.5454545454545454,0.0585848349992375
SPR,508,tdbR00000170,77,0.4,0.3076923076923077,0.34782608695652173,0.05778885500058095
SPR,161,tdbR00000020,74,0.8,0.5714285714285714,0.6666666666666666,0.05663186400033737
SRP,821,Stre.suis._CP000408,78,0.9047619047619048,0.7307692307692307,0.8085106382978723,0.0593038280003384
SPR,43,tdbR00000007,76,0.9523809523809523,1.0,0.975609756097561,0.05921627400039142
SPR,502,tdbR00000129,73,0.9090909090909091,0.8333333333333334,0.8695652173913043,0.05648327399921982
SPR,557,tdbR00000527,75,1.0,1.0,1.0,0.053778099999362894
SPR,181,tdbR00000276,77,0.6,0.5217391304347826,0.5581395348837209,0.05552650800018455
SRP,759,Sili.spec._CP000377,62,0.18181818181818182,0.08333333333333333,0.1142857142857143,0.047137540000221634
SPR,267,tdbR00000449,78,1.0,0.7142857142857143,0.8333333333333333,0.05791100300029939
SPR,455,tdbR00000171,77,0.45,0.36,0.39999999999999997,0.05814895000003162
SPR,602,tdbR00000508,77,1.0,1.0,1.0,0.05604546900030982
SPR,272,tdbR00000345,75,0.95,1.0,0.9743589743589743,0.0575565839999399
SPR,96,tdbR00000497,75,0.9523809523809523,1.0,0.975609756097561,0.058342555000308494
SRP,693,Rhiz.legu._AM236080,41,0.7,1.0,0.8235294117647058,0.041234684999835736
SPR,507,tdbR00000164,76,0.9523809523809523,0.8333333333333334,0.888888888888889,0.05812297000011313
SPR,125,tdbR00000147,76,0.5714285714285714,0.48,0.5217391304347826,0.058915668999361515
SPR,98,tdbR00000565,77,0.6666666666666666,0.56,0.6086956521739131,0.0618700679997346
SPR,597,tdbR00000488,74,0.8181818181818182,0.8181818181818182,0.8181818181818182,0.0561743429998387
SPR,558,tdbR00000085,76,0.3181818181818182,0.2413793103448276,0.27450980392156865,0.05889156200009893
SPR,151,tdbR00000008,76,0.9523809523809523,0.8333333333333334,0.888888888888889,0.05699259799985157
SPR,4,tdbR00000052,69,0.3,0.3,0.3,0.05372155499935616
SRP,527,Myco.capr._D00560,77,0.9545454545454546,0.7777777777777778,0.8571428571428572,0.05478065500028606
SPR,609,tdbR00000373,76,0.4,0.34782608695652173,0.37209302325581395,0.06065713099997083
SPR,24,tdbR00000592,58,0.2,0.14285714285714285,0.16666666666666666,0.04946079299952544
SRP,794,Stre.agal._CP000114,77,0.9545454545454546,0.8076923076923077,0.875,0.0575443660000019
SPR,363,tdbR00000331,75,0.631578947368421,0.42857142857142855,0.5106382978723404,0.05629471399970498
SPR,356,tdbR00000512,77,0.95,1.0,0.9743589743589743,0.058340623000731284
SPR,351,tdbR00000537,75,0.6666666666666666,0.5384615384615384,0.5957446808510638,0.052897540999765624
SPR,299,tdbR00000576,72,0.8571428571428571,0.6923076923076923,0.7659574468085107,0.05687643500004924
SRP,601,Para.deni._CP000489,33,0.5714285714285714,0.4,0.47058823529411764,0.04060816400033218
SRP,144,Burk.pseu._CP000572,79,0.045454545454545456,0.047619047619047616,0.046511627906976744,0.06250198799989448
SPR,343,tdbR00000208,76,0.5238095238095238,0.6470588235294118,0.5789473684210527,0.0566467240005295
SPR,15,tdbR00000580,80,1.0,0.84,0.9130434782608696,0.05958905599982245
SPR,390,tdbR00000315,77,0.9523809523809523,0.8333333333333334,0.888888888888889,0.060219029000109
SRP,201,Citr.sine._CN181543,78,0.38461538461538464,0.16129032258064516,0.22727272727272727,0.05870887499986566
SRP,24,Aqui.aeol._AE000657,77,0.76,0.6129032258064516,0.6785714285714285,0.05460977199982153
SPR,84,tdbR00000168,72,0.95,0.8260869565217391,0.8837209302325583,0.05236011299984966
SPR,39,tdbR00000270,76,1.0,1.0,1.0,0.055241310999917914
SPR,383,tdbR00000479,75,0.9523809523809523,0.9523809523809523,0.9523809523809523,0.05617133400028251
SPR,497,tdbR00000300,77,0.95,1.0,0.9743589743589743,0.05798549499922956
SPR,357,tdbR00000005,76,0.7619047619047619,0.5161290322580645,0.6153846153846153,0.05893982199995662
SPR,614,tdbR00000285,77,0.7,0.5,0.5833333333333334,0.05805795299966121
SPR,28,tdbR00000282,64,0.5294117647058824,0.375,0.4390243902439025,0.05109096800060797
SPR,265,tdbR00000478,77,0.7727272727272727,0.7727272727272727,0.7727272727272727,0.05549462999988464
SPR,428,tdbR00000287,76,1.0,1.0,1.0,0.056615343999510515
SPR,164,tdbR00000045,76,0.9545454545454546,0.9545454545454546,0.9545454545454546,0.05678460000035557
SPR,359,tdbR00000352,77,0.75,0.6521739130434783,0.6976744186046512,0.060410299000068335
SPR,174,tdbR00000510,77,1.0,1.0,1.0,0.057055649000176345
SPR,58,tdbR00000483,74,0.9523809523809523,1.0,0.975609756097561,0.05586132100052055
SPR,373,tdbR00000178,76,1.0,1.0,1.0,0.057241983000494656
SPR,487,tdbR00000462,72,0.8947368421052632,0.85,0.8717948717948718,0.05115481099983299
SPR,17,tdbR00000587,77,1.0,0.84,0.9130434782608696,0.06338734700057103
SPR,63,tdbR00000015,76,1.0,1.0,1.0,0.055439707000005
SPR,228,tdbR00000002,75,0.9523809523809523,0.7142857142857143,0.8163265306122449,0.05646290200002113
SPR,458,tdbR00000325,75,0.7,0.5833333333333334,0.6363636363636365,0.06025116599994362
SPR,360,tdbR00000294,76,0.5909090909090909,0.5,0.5416666666666667,0.056234408999443986
SPR,167,tdbR00000117,74,0.9523809523809523,0.9090909090909091,0.9302325581395349,0.05364485500012961
SPR,543,tdbR00000120,74,0.9523809523809523,0.9090909090909091,0.9302325581395349,0.05603001200051949
SPR,433,tdbR00000515,77,1.0,0.8333333333333334,0.9090909090909091,0.05516878600064956
SPR,560,tdbR00000611,77,0.8,0.6153846153846154,0.6956521739130435,0.059089244000460894
SRP,157,Camp.jeju._AL139074,36,1.0,1.0,1.0,0.039202363999720546
SPR,604,tdbR00000275,77,1.0,1.0,1.0,0.05618182999933197
SPR,286,tdbR00000136,74,0.7272727272727273,0.6666666666666666,0.6956521739130435,0.055720238999128924
SPR,5,tdbR00000124,70,0.55,0.55,0.55,0.05320410200056358
SRP,546,Myco.pneu._U00089,77,0.9545454545454546,0.7777777777777778,0.8571428571428572,0.05491288499979419
SPR,85,tdbR00000522,72,0.6111111111111112,0.55,0.5789473684210527,0.050702972000181035
SPR,494,tdbR00000361,74,0.45454545454545453,0.4166666666666667,0.43478260869565216,0.05827817499994126
SPR,342,tdbR00000174,77,0.95,1.0,0.9743589743589743,0.05870760899961169
SPR,198,tdbR00000036,75,1.0,1.0,1.0,0.05520746999991388
SPR,220,tdbR00000430,75,1.0,0.84,0.9130434782608696,0.05491292800070369
SPR,234,tdbR00000292,76,1.0,1.0,1.0,0.05981741300001886
SRP,517,Moor.ther._CP000232,67,0.07142857142857142,0.045454545454545456,0.05555555555555555,0.05640468599995074
SRP,352,Heli.exil._EE659686,64,0.0,0.0,0,0.04857098299999052
SPR,541,tdbR00000464,77,0.85,0.7727272727272727,0.8095238095238095,0.06232874899978924
SPR,386,tdbR00000006,76,0.7619047619047619,0.5161290322580645,0.6153846153846153,0.05835103099980188
SPR,567,tdbR00000162,75,0.9523809523809523,0.9090909090909091,0.9302325581395349,0.055786783000257856
SPR,593,tdbR00000338,75,0.8571428571428571,0.9,0.8780487804878048,0.06010338900068746
SPR,580,tdbR00000115,74,1.0,0.9130434782608695,0.9545454545454545,0.059495200000128534
SPR,429,tdbR00000092,76,0.6190476190476191,0.4482758620689655,0.52,0.057520201000443194
SRP,810,Stre.pyog._AM295007,57,1.0,0.5555555555555556,0.7142857142857143,0.045340093999584496
SPR,375,tdbR00000273,77,1.0,0.9130434782608695,0.9545454545454545,0.05830574300034641
SPR,545,tdbR00000141,77,0.9523809523809523,0.9523809523809523,0.9523809523809523,0.05819231799978297
SPR,35,tdbR00000143,73,0.7894736842105263,0.75,0.7692307692307692,0.05297754999992321
SRP,804,Stre.pneu._AE008386,77,0.9523809523809523,0.8,0.8695652173913043,0.05816481800047768
SPR,465,tdbR00000038,75,0.9047619047619048,0.9047619047619048,0.9047619047619048,0.058650868999393424
SPR,331,tdbR00000468,76,0.8,0.6956521739130435,0.7441860465116279,0.0568440790002569
SPR,518,tdbR00000280,77,0.3333333333333333,0.28,0.30434782608695654,0.057612208999671566
SRP,757,Shig.flex._CP000266,28,1.0,1.0,1.0,0.03859583599933103
SPR,218,tdbR00000499,78,0.6,0.4,0.48,0.05662876399946981
SPR,301,tdbR00000578,72,0.85,1.0,0.9189189189189189,0.055182426999635936
SPR,599,tdbR00000272,76,0.5714285714285714,0.4444444444444444,0.5,0.05728058299973782
SRP,645,Proc.mari._CP000111,74,0.0,0.0,0,0.05265555699952529
SPR,126,tdbR00000533,75,0.6666666666666666,0.5384615384615384,0.5957446808510638,0.054046373999881325
SPR,22,tdbR00000364,57,0.2,0.21428571428571427,0.20689655172413796,0.04627117400013958
SPR,336,tdbR00000293,78,0.5909090909090909,0.40625,0.4814814814814815,0.05819140200037509
SPR,305,tdbR00000574,72,0.5238095238095238,0.55,0.5365853658536585,0.05646134900052857
SRP,512,Meth.vann._CP000742,36,0.875,0.7,0.7777777777777777,0.040281489999870246
SPR,612,tdbR00000529,75,1.0,1.0,1.0,0.05263105300036841
SRP,227,Cory.glut._BA000036,52,0.14285714285714285,0.047619047619047616,0.07142857142857142,0.044908449000104156
SRP,2,Acin.spec._CR543861,47,1.0,1.0,1.0,0.04186317800031247
SPR,269,tdbR00000016,76,0.9523809523809523,1.0,0.975609756097561,0.05502476499987097
SPR,287,tdbR00000540,75,0.6666666666666666,0.5384615384615384,0.5957446808510638,0.05295284800013178
SPR,547,tdbR00000317,77,0.9523809523809523,0.8333333333333334,0.888888888888889,0.05864791299973149
SPR,83,tdbR00000125,72,0.7272727272727273,0.6666666666666666,0.6956521739130435,0.05390032000013889
SPR,7,tdbR00000520,72,0.8095238095238095,0.85,0.8292682926829269,0.051187512000069546
SPR,542,tdbR00000536,75,0.6666666666666666,0.5384615384615384,0.5957446808510638,0.05212930099969526
SPR,202,tdbR00000283,72,1.0,1.0,1.0,0.051646537999658904
SPR,304,tdbR00000575,72,1.0,1.0,1.0,0.05664851300025475
SPR,246,tdbR00000152,78,0.7727272727272727,0.85,0.8095238095238095,0.05977740799971798
SPR,366,tdbR00000139,77,0.7,0.5833333333333334,0.6363636363636365,0.05925605899938091
SPR,361,tdbR00000024,77,0.9523809523809523,1.0,0.975609756097561,0.05896742499953689
SPR,183,tdbR00000623,77,0.9523809523809523,0.8333333333333334,0.888888888888889,0.05962822099991172
SPR,166,tdbR00000047,75,0.9545454545454546,1.0,0.9767441860465117,0.05386884400013514
SPR,66,tdbR00000173,77,0.95,0.76,0.8444444444444444,0.05854085699957068
SPR,172,tdbR00000159,77,0.42857142857142855,0.32142857142857145,0.3673469387755102,0.057651844000247365
SPR,255,tdbR00000271,77,0.6,0.41379310344827586,0.4897959183673469,0.05710559200088028
SPR,499,tdbR00000021,75,0.7272727272727273,0.5517241379310345,0.6274509803921569,0.05853206599931582
SPR,38,tdbR00000538,75,0.6666666666666666,0.5384615384615384,0.5957446808510638,0.05402665300061926
SPR,12,tdbR00000588,78,0.5714285714285714,0.42857142857142855,0.48979591836734687,0.059196827999585366
SPR,411,tdbR00000340,75,0.5238095238095238,0.5238095238095238,0.5238095238095238,0.05840652599999885
SPR,427,tdbR00000199,76,0.7619047619047619,0.64,0.6956521739130435,0.058682758000031754
SPR,238,tdbR00000042,78,0.8095238095238095,0.68,0.7391304347826089,0.05839248200027214
SPR,524,tdbR00000324,75,0.6,0.5,0.5454545454545454,0.05967163600053027
SPR,540,tdbR00000465,76,0.8,0.5925925925925926,0.6808510638297872,0.0564374969999335
SPR,245,tdbR00000151,77,0.9523809523809523,0.8333333333333334,0.888888888888889,0.05923264000011841
SRP,816,Stre.pyog._CP000260,73,0.9,0.75,0.8181818181818182,0.05631483199977083
SPR,355,tdbR00000207,76,0.7619047619047619,0.64,0.6956521739130435,0.05786465799974394
SPR,91,tdbR00000190,70,0.9523809523809523,1.0,0.975609756097561,0.050819259000491
SPR,354,tdbR00000099,77,0.6190476190476191,0.4482758620689655,0.52,0.05807192399970518
SPR,33,tdbR00000298,75,0.5714285714285714,0.6666666666666666,0.6153846153846153,0.05566765700041287
SPR,315,tdbR00000301,76,0.3333333333333333,0.25,0.28571428571428575,0.059276574999785225
SRP,108,Brad.japo._BA000040,33,0.5714285714285714,0.4,0.47058823529411764,0.040265128999635635
SPR,153,tdbR00000010,76,0.9523809523809523,1.0,0.975609756097561,0.05985296099970583
SPR,1,tdbR00000365,67,1.0,0.9090909090909091,0.9523809523809523,0.05125159799990797
SPR,606,tdbR00000620,72,0.5238095238095238,0.4782608695652174,0.5,0.05132844100080547
SPR,135,tdbR00000473,76,1.0,1.0,1.0,0.05750110900044092
SRP,801,Stre.muta._AF132127,73,0.875,0.75,0.8076923076923077,0.05902248500024143
SPR,574,tdbR00000439,75,0.9523809523809523,1.0,0.975609756097561,0.05483997999999701
SPR,229,tdbR00000003,75,1.0,1.0,1.0,0.055437608999454824
SPR,243,tdbR00000109,74,0.9545454545454546,1.0,0.9767441860465117,0.05430557099953148
SPR,86,tdbR00000521,72,0.6111111111111112,0.55,0.5789473684210527,0.05174772899954405
SPR,180,tdbR00000181,76,0.8181818181818182,0.75,0.7826086956521738,0.05678213600003801
SPR,615,tdbR00000088,76,0.65,0.4482758620689655,0.5306122448979592,0.055916108999554126
SPR,41,tdbR00000296,75,0.9047619047619048,0.8636363636363636,0.8837209302325582,0.05576608100000158
SPR,173,tdbR00000160,76,0.8181818181818182,0.6923076923076923,0.7500000000000001,0.05527322399939294
SPR,206,tdbR00000070,76,1.0,1.0,1.0,0.05781589999969583
SPR,308,tdbR00000187,76,0.7619047619047619,0.5517241379310345,0.64,0.0624415960000988
SPR,162,tdbR00000332,75,1.0,1.0,1.0,0.055413193000276806
SPR,32,tdbR00000299,75,0.55,0.55,0.55,0.052738843000042834
SRP,859,Toxo.gond._CO743022,66,0.0,0.0,0,0.05267760300012014
SRP,142,Burk.pseu._CP000124,79,0.045454545454545456,0.047619047619047616,0.046511627906976744,0.06022775300061767
SPR,230,tdbR00000004,75,0.9523809523809523,0.8333333333333334,0.888888888888889,0.05687704499996471
SPR,327,tdbR00000090,76,0.75,0.6,0.6666666666666665,0.05584534700028598
SPR,332,tdbR00000368,71,0.7727272727272727,0.68,0.7234042553191491,0.05280047999985982
SPR,259,tdbR00000313,76,0.6,0.6,0.6,0.06077112500042858
SPR,312,tdbR00000206,76,0.7894736842105263,0.5357142857142857,0.6382978723404255,0.05865722599992296
SRP,395,Kine.radi._CP000750,53,0.125,0.047619047619047616,0.06896551724137931,0.045806520999576605
SPR,26,tdbR00000594,58,0.26666666666666666,0.23529411764705882,0.25,0.04619703599928471
SPR,137,tdbR00000474,76,0.55,0.5,0.5238095238095238,0.056689046999963466
SRP,143,Burk.pseu._CP000570,79,0.045454545454545456,0.047619047619047616,0.046511627906976744,0.059094788000038534
SPR,582,tdbR00000506,77,0.95,1.0,0.9743589743589743,0.057406180000725726
SPR,435,tdbR00000531,75,1.0,1.0,1.0,0.051567456999691785
SPR,274,tdbR00000062,75,0.9523809523809523,1.0,0.975609756097561,0.05912083299972437
SPR,504,tdbR00000142,75,0.55,0.4782608695652174,0.5116279069767442,0.06322930599981191
SPR,242,tdbR00000108,74,0.8571428571428571,0.8571428571428571,0.8571428571428571,0.05392831199969805
SPR,99,tdbR00000463,70,0.6842105263157895,0.5652173913043478,0.6190476190476191,0.04930639400026848
SPR,362,tdbR00000019,75,0.7368421052631579,0.5384615384615384,0.6222222222222222,0.058489523000389454
SPR,473,tdbR00000189,67,0.47368421052631576,0.5294117647058824,0.5,0.04871843999990233
SRP,792,Stre.agal._AE014209,77,0.9130434782608695,0.8076923076923077,0.8571428571428572,0.0562664830003996
SPR,3,tdbR00000336,72,0.9090909090909091,0.7692307692307693,0.8333333333333333,0.05489136799951666
SPR,253,tdbR00000176,77,0.7727272727272727,0.7391304347826086,0.7555555555555555,0.0568437530000665
SPR,385,tdbR00000451,76,0.8095238095238095,0.7083333333333334,0.7555555555555556,0.05422792900026252
SPR,140,tdbR00000104,74,0.8,0.8,0.8000000000000002,0.05559364500004449
SPR,20,tdbR00000585,75,0.8095238095238095,0.68,0.7391304347826089,0.054987579000226106
SPR,600,tdbR00000025,77,1.0,1.0,1.0,0.0604743049998433
SPR,369,tdbR00000504,76,1.0,1.0,1.0,0.055338508000204456
SPR,434,tdbR00000519,77,1.0,1.0,1.0,0.0565466859998196
SPR,9,tdbR00000399,67,0.7692307692307693,0.37037037037037035,0.5,0.05607602400050382
SPR,344,tdbR00000100,76,0.6190476190476191,0.4482758620689655,0.52,0.05625413500001741
SPR,510,tdbR00000526,75,1.0,1.0,1.0,0.05368725900007121
SRP,421,Leis.aeth._AY722730,58,0,0.0,0,0.04867737099993974
SPR,400,tdbR00000517,74,0.3333333333333333,0.3181818181818182,0.3255813953488372,0.05576402699989558
SPR,157,tdbR00000357,75,0.9523809523809523,1.0,0.975609756097561,0.05429942499995377
SPR,365,tdbR00000111,74,0.9047619047619048,0.9047619047619048,0.9047619047619048,0.0551736819998041
SPR,550,tdbR00000514,77,1.0,1.0,1.0,0.05686423599945556
SRP,109,Brad.spec._CP000494,33,0.5714285714285714,0.4,0.47058823529411764,0.040117488000760204
SPR,226,tdbR00000126,68,0.47058823529411764,0.47058823529411764,0.47058823529411764,0.05430614599936234
SPR,160,tdbR00000026,77,0.9047619047619048,0.7307692307692307,0.8085106382978723,0.05832365700007358
SPR,40,tdbR00000477,75,0.47619047619047616,0.37037037037037035,0.4166666666666667,0.05403095400015445
SRP,293,Erwi.caro._BX950851,30,1.0,1.0,1.0,0.039644030000090424
SPR,182,tdbR00000067,76,1.0,0.84,0.9130434782608696,0.05724222800017742
SPR,503,tdbR00000123,75,1.0,1.0,1.0,0.05457455600026151
SPR,102,tdbR00000089,76,0.65,0.4482758620689655,0.5306122448979592,0.05608983199999784
SPR,519,tdbR00000284,76,1.0,1.0,1.0,0.05511852000017825
SRP,202,Citr.sine._CN181544,78,0.38461538461538464,0.16129032258064516,0.22727272727272727,0.058584661000168126
SPR,483,tdbR00000245,75,0.47368421052631576,0.5,0.4864864864864865,0.05153015999985655
SRP,545,Myco.pneu._S76009,79,0.9166666666666666,0.8148148148148148,0.8627450980392156,0.05520718299976579
SRP,351,Heli.annu._AJ828095,64,0.6666666666666666,0.25,0.36363636363636365,0.05123786900003324
SPR,525,tdbR00000321,75,0.631578947368421,0.46153846153846156,0.5333333333333333,0.05439263900007063
SPR,470,tdbR00000197,76,0.6666666666666666,0.5185185185185185,0.5833333333333334,0.05643347499972151
SPR,6,tdbR00000167,72,0.8947368421052632,0.7727272727272727,0.8292682926829269,0.06334411600073508
SPR,548,tdbR00000318,77,0.55,0.5238095238095238,0.5365853658536585,0.059725950000029115
SRP,577,Novo.arom._CP000248,41,0.7,1.0,0.8235294117647058,0.0405382520002604
SPR,380,tdbR00000433,76,0.7142857142857143,0.5357142857142857,0.6122448979591837,0.05585523300032946
SRP,226,Cory.glut._AP009044,52,0.14285714285714285,0.05,0.07407407407407408,0.043824622000101954
SPR,607,tdbR00000619,73,0.55,0.4230769230769231,0.47826086956521735,0.05716734300040116
SRP,806,Stre.pyog._AE004092,73,0.9,0.75,0.8181818181818182,0.055688344000373036
SRP,796,Stre.coel._AL939118,64,0.0,0.0,0,0.049166129000695946
SPR,71,tdbR00000102,76,0.6190476190476191,0.4482758620689655,0.52,0.05693020200033061
SPR,334,tdbR00000191,68,0.85,0.7391304347826086,0.7906976744186046,0.050102387000151793
SRP,799,Stre.muta._AE014133,73,0.875,0.75,0.8076923076923077,0.052667764999569044
SPR,367,tdbR00000154,77,0.47619047619047616,0.47619047619047616,0.47619047619047616,0.05684340100015106
SPR,466,tdbR00000031,71,0.9523809523809523,0.8333333333333334,0.888888888888889,0.052300884000032966
SPR,570,tdbR00000279,76,0.5714285714285714,0.48,0.5217391304347826,0.05809068300004583
SPR,461,tdbR00000091,76,0.65,0.4482758620689655,0.5306122448979592,0.057090565000180504
SPR,247,tdbR00000500,78,0.85,0.6296296296296297,0.723404255319149,0.054470873000354914
SPR,37,tdbR00000553,74,0.15789473684210525,0.09375,0.11764705882352941,0.055147807999674114
SRP,93,Bdel.bact._BX842656,56,0.0,0.0,0,0.043603398999948695
SPR,168,tdbR00000118,76,0.8571428571428571,0.6666666666666666,0.75,0.058279196000512457
SRP,604,Pedi.pent._CP000422,59,0.36363636363636365,0.19047619047619047,0.25,0.048127113999726134
SPR,222,tdbR00000447,78,0.85,0.53125,0.6538461538461537,0.05659021999963443
SRP,402,Lact.case._CP000423,79,0.9333333333333333,0.4117647058823529,0.5714285714285713,0.06969217699952424
SPR,201,tdbR00000534,75,0.6666666666666666,0.5384615384615384,0.5957446808510638,0.05390460600028746
SPR,459,tdbR00000557,78,1.0,1.0,1.0,0.056960234999678505
SRP,409,Lact.john._AX926712,76,0.5454545454545454,0.375,0.4444444444444444,0.05754029299987451
SPR,120,tdbR00000277,77,0.9523809523809523,1.0,0.975609756097561,0.05670205899969005
SPR,204,tdbR00000498,75,0.47619047619047616,0.37037037037037035,0.4166666666666667,0.055675135000456066
SRP,412,Lact.lact._CP000425,36,0.0,0.0,0,0.04400978500052588
SPR,16,tdbR00000586,77,0.8095238095238095,0.68,0.7391304347826089,0.056679668000469974
SPR,139,tdbR00000327,76,0.8,0.64,0.7111111111111111,0.0561643399996683
SPR,341,tdbR00000061,75,0.9523809523809523,1.0,0.975609756097561,0.06617267499950685
SPR,404,tdbR00000082,76,0.55,0.4074074074074074,0.46808510638297873,0.056022019000010914
SPR,298,tdbR00000087,76,0.65,0.4482758620689655,0.5306122448979592,0.05555735999951139
SPR,349,tdbR00000101,76,0.6190476190476191,0.4482758620689655,0.52,0.057751782999730494
SPR,256,tdbR00000063,77,0.5238095238095238,0.44,0.4782608695652174,0.05391071199937869
SPR,493,tdbR00000371,75,0.42857142857142855,0.42857142857142855,0.42857142857142855,0.05591887900027359
SPR,393,tdbR00000452,76,0.8095238095238095,0.7083333333333334,0.7555555555555556,0.05610402299953421
SPR,293,tdbR00000028,77,0.5714285714285714,0.41379310344827586,0.48000000000000004,0.05707925000024261
SPR,235,tdbR00000023,76,0.5714285714285714,0.48,0.5217391304347826,0.059003067999583436
SPR,97,tdbR00000493,70,0.95,1.0,0.9743589743589743,0.04894770900045842
SPR,57,tdbR00000436,76,0.9523809523809523,0.9523809523809523,0.9523809523809523,0.05833435600015946
SPR,623,tdbR00000161,75,0.9523809523809523,0.9090909090909091,0.9302325581395349,0.05587721000028978
SPR,611,tdbR00000131,74,0.6,0.41379310344827586,0.4897959183673469,0.053396448999592394
SRP,574,Nitr.wino._CP000115,39,0.7777777777777778,1.0,0.8750000000000001,0.04141164599968761
SPR,123,tdbR00000033,73,0.9523809523809523,1.0,0.975609756097561,0.05471833100000367
SPR,19,tdbR00000584,78,0.3333333333333333,0.28,0.30434782608695654,0.05985181799951533
SPR,309,tdbR00000204,76,0.7619047619047619,0.5517241379310345,0.64,0.05751358499946946
SPR,515,tdbR00000193,76,0.9047619047619048,0.8636363636363636,0.8837209302325582,0.059283026000230166
SPR,270,tdbR00000017,76,0.9523809523809523,1.0,0.975609756097561,0.05696001199976308
SPR,605,tdbR00000066,76,0.9523809523809523,1.0,0.975609756097561,0.0587013719996321
SPR,128,tdbR00000201,76,0.7619047619047619,0.64,0.6956521739130435,0.059886132000428915
SPR,311,tdbR00000205,76,0.75,0.5357142857142857,0.6250000000000001,0.05873357399923407
SPR,75,tdbR00000376,76,0.7142857142857143,0.625,0.6666666666666666,0.060817092999968736
SPR,572,tdbR00000320,77,0.7727272727272727,0.7391304347826086,0.7555555555555555,0.05839978499989229
SPR,152,tdbR00000009,76,1.0,1.0,1.0,0.0589404040001682
SPR,328,tdbR00000326,75,0.8571428571428571,0.8571428571428571,0.8571428571428571,0.05875576899961743
SPR,223,tdbR00000448,78,0.8,0.5333333333333333,0.64,0.057296945999951276
SPR,208,tdbR00000457,76,0.5714285714285714,0.4,0.47058823529411764,0.06036018799932208
SPR,134,tdbR00000564,76,1.0,1.0,1.0,0.05719110300015018
SPR,47,tdbR00000507,77,1.0,1.0,1.0,0.055564498000421736
SRP,704,Rhod.spha._CP000661,41,0.7,1.0,0.8235294117647058,0.040907211000558164
SPR,399,tdbR00000011,75,0.7272727272727273,0.6666666666666666,0.6956521739130435,0.05652144500072609
SPR,2,tdbR00000030,71,0.6666666666666666,0.875,0.7567567567567567,0.05133267600012914
SPR,127,tdbR00000202,76,0.6666666666666666,0.56,0.6086956521739131,0.05727499299973715
SPR,275,tdbR00000169,72,0.8947368421052632,0.8095238095238095,0.8500000000000001,0.052778330000364804
SPR,113,tdbR00000610,77,0.5238095238095238,0.39285714285714285,0.4489795918367347,0.05988999999954103
SPR,537,tdbR00000555,78,1.0,1.0,1.0,0.058311300999775995
SPR,197,tdbR00000456,76,0.47619047619047616,0.3333333333333333,0.39215686274509803,0.056267103999743995
SPR,192,tdbR00000484,76,1.0,1.0,1.0,0.058526454999991984
SPR,592,tdbR00000337,75,0.9047619047619048,0.9047619047619048,0.9047619047619048,0.05717854399972566
SPR,450,tdbR00000322,78,1.0,1.0,1.0,0.05872792699938145
SRP,410,Lact.lact._AE006305,77,0.9565217391304348,0.8148148148148148,0.8800000000000001,0.06277172399950359
SPR,303,tdbR00000572,73,0.55,0.4583333333333333,0.5,0.05679468100061058
SPR,423,tdbR00000039,76,0.9523809523809523,0.7407407407407407,0.8333333333333334,0.055576054000084696
SPR,300,tdbR00000573,72,0.8,0.7619047619047619,0.7804878048780488,0.05449597899951186
SPR,88,tdbR00000246,78,0.9523809523809523,0.7142857142857143,0.8163265306122449,0.05684685799951694
SPR,339,tdbR00000307,75,0.6190476190476191,0.5416666666666666,0.5777777777777778,0.057186455999726604
SPR,460,tdbR00000467,77,0.6,0.3870967741935484,0.47058823529411764,0.056985520999660366
SRP,817,Stre.pyog._CP000261,73,0.9,0.75,0.8181818181818182,0.061585401999764144
SPR,382,tdbR00000480,76,0.9523809523809523,1.0,0.975609756097561,0.055791477999264316
SPR,165,tdbR00000046,76,0.9545454545454546,1.0,0.9767441860465117,0.05562481299966748
SPR,426,tdbR00000198,76,0.5238095238095238,0.6470588235294118,0.5789473684210527,0.05648712400034128
SPR,240,tdbR00000106,74,1.0,0.9130434782608695,0.9545454545454545,0.05497735700009798
SPR,594,tdbR00000339,75,0.5238095238095238,0.4230769230769231,0.4680851063829788,0.05696328399972117
SPR,78,tdbR00000367,72,0.7,0.7777777777777778,0.7368421052631577,0.05952737799998431
SPR,348,tdbR00000344,75,0.9523809523809523,1.0,0.975609756097561,0.0606956639994678
SPR,381,tdbR00000434,76,0.9523809523809523,1.0,0.975609756097561,0.0560788370003138
SPR,314,tdbR00000563,76,0.9523809523809523,1.0,0.975609756097561,0.058418984999661916
SPR,13,tdbR00000583,78,0.6,0.4,0.48,0.05947896099951322
SPR,310,tdbR00000203,76,0.7894736842105263,0.5357142857142857,0.6382978723404255,0.05755846400006703
SPR,18,tdbR00000579,78,0.5238095238095238,0.44,0.4782608695652174,0.06056714500027738
SPR,241,tdbR00000107,74,0.8571428571428571,0.8571428571428571,0.8571428571428571,0.05581453400009195
SRP,167,Carb.hydr._CP000141,36,0.875,1.0,0.9333333333333333,0.041057837000153086
SPR,258,tdbR00000311,76,1.0,0.7692307692307693,0.8695652173913044,0.062237258999630285
SPR,143,tdbR00000309,77,1.0,0.84,0.9130434782608696,0.062115417000313755
SPR,581,tdbR00000113,74,0.9523809523809523,0.9090909090909091,0.9302325581395349,0.05430719800006045
SPR,551,tdbR00000524,75,1.0,1.0,1.0,0.05298207200030447
SPR,158,tdbR00000358,77,1.0,1.0,1.0,0.056965552999827196
SPR,486,tdbR00000492,70,0.9,1.0,0.9473684210526316,0.04938993100040534
SRP,401,Lact.brev._CP000416,55,0.8,0.42105263157894735,0.5517241379310345,0.04565469200042571
SPR,394,tdbR00000617,76,0.8095238095238095,0.7727272727272727,0.7906976744186046,0.05971997500000725
SPR,30,tdbR00000398,54,0.4666666666666667,0.30434782608695654,0.3684210526315789,0.04689494299964281
SPR,117,tdbR00000360,77,0.7727272727272727,0.8095238095238095,0.7906976744186046,0.05527899999924557
SPR,89,tdbR00000247,74,1.0,0.7692307692307693,0.8695652173913044,0.052969708999626164
SPR,544,tdbR00000121,75,0.95,1.0,0.9743589743589743,0.05502918000001955
SPR,280,tdbR00000149,76,0.5714285714285714,0.5,0.5333333333333333,0.05870068300009734
SPR,498,tdbR00000035,75,0.9047619047619048,0.9047619047619048,0.9047619047619048,0.05776774099922477
SPR,368,tdbR00000153,77,0.9523809523809523,1.0,0.975609756097561,0.056191649000538746
SPR,49,tdbR00000179,76,0.9523809523809523,1.0,0.975609756097561,0.057341054000062286
SPR,237,tdbR00000330,76,0.6190476190476191,0.48148148148148145,0.5416666666666666,0.058682475000750856
SPR,45,tdbR00000116,74,0.8095238095238095,0.8947368421052632,0.8500000000000001,0.054397171000346134
SPR,295,tdbR00000057,76,0.7142857142857143,0.625,0.6666666666666666,0.05668525600049179
SPR,468,tdbR00000059,75,0.9523809523809523,1.0,0.975609756097561,0.05802738100010174
SRP,802,Stre.pneu._AE005672,77,0.9523809523809523,0.8,0.8695652173913043,0.057449642999927164
SPR,590,tdbR00000074,76,0.55,0.44,0.48888888888888893,0.056012976000602066
SPR,330,tdbR00000560,76,0.9523809523809523,1.0,0.975609756097561,0.06073029700019106
SPR,608,tdbR00000372,76,1.0,1.0,1.0,0.057506555000145454
SPR,618,tdbR00000559,76,0.9523809523809523,1.0,0.975609756097561,0.05850770599954558
SPR,621,tdbR00000098,76,0.6190476190476191,0.4482758620689655,0.52,0.05588640000041778
SPR,377,tdbR00000314,77,0.9523809523809523,0.8333333333333334,0.888888888888889,0.06008100600047328
SPR,462,tdbR00000037,76,0.9047619047619048,0.9047619047619048,0.9047619047619048,0.05769152300035785
SPR,290,tdbR00000567,76,1.0,1.0,1.0,0.057210764000046765
SPR,409,tdbR00000621,75,0.6666666666666666,0.5185185185185185,0.5833333333333334,0.058542960000522726
SPR,263,tdbR00000431,76,1.0,0.84,0.9130434782608696,0.05497094900056254
SRP,551,Myco.spec._CP000518,53,0.14285714285714285,0.05555555555555555,0.08,0.04481424599998718
SPR,225,tdbR00000128,70,0.5555555555555556,0.3448275862068966,0.4255319148936171,0.05593226500059245
SPR,191,tdbR00000438,75,1.0,0.84,0.9130434782608696,0.05722861499998544
SPR,282,tdbR00000289,76,1.0,1.0,1.0,0.05670905699935247
SPR,610,tdbR00000051,76,0.9523809523809523,1.0,0.975609756097561,0.05897666999953799
SPR,214,tdbR00000291,76,0.8181818181818182,0.6428571428571429,0.7200000000000001,0.05863144300019485
SRP,138,Burk.mall._CP000010,79,0.045454545454545456,0.047619047619047616,0.046511627906976744,0.05930682500002149
SPR,588,tdbR00000048,76,0.9047619047619048,0.7916666666666666,0.8444444444444444,0.05639134900047793
SRP,835,Synt.wolf._CP000448,65,0.07142857142857142,0.05,0.058823529411764705,0.049929169999813894
SPR,419,tdbR00000562,76,0.6666666666666666,0.5,0.5714285714285715,0.05776482900000701
SPR,190,tdbR00000437,76,0.9523809523809523,0.8333333333333334,0.888888888888889,0.05609899499995663
SPR,430,tdbR00000471,76,0.85,0.7083333333333334,0.7727272727272727,0.05527239399998507
SRP,756,Shig.flex._AE016979,54,0.7777777777777778,0.4375,0.56,0.04410854900015693
SPR,388,tdbR00000155,77,0.47619047619047616,0.47619047619047616,0.47619047619047616,0.055845307000709
SPR,337,tdbR00000110,76,0.85,0.6538461538461539,0.7391304347826088,0.05453351400046813
